{
  "baseline": {
    "l1": 0.03195369380215804,
    "psnr": 19.918576912824527,
    "ssim": 0.8886100053787231,
    "lpips": 0.1612215812007586
  },
  "ranks": {
    "2": {
      "std": {
        "l1": 0.028473345376551152,
        "psnr": 21.224977469389703,
        "ssim": 0.8985083699226379,
        "lpips": 0.15428671364982924,
        "num_params": 73728
      },
      "freq": {
        "l1": 0.027412545355036854,
        "psnr": 21.573794954061437,
        "ssim": 0.8968096375465393,
        "lpips": 0.1534534761061271,
        "num_params": 73728
      }
    },
    "4": {
      "std": {
        "l1": 0.027650253350536027,
        "psnr": 21.598472881778456,
        "ssim": 0.8980208039283752,
        "lpips": 0.15492690193156403,
        "num_params": 147456
      },
      "freq": {
        "l1": 0.026663872863476476,
        "psnr": 21.799669945255175,
        "ssim": 0.8993105292320251,
        "lpips": 0.1428373015175263,
        "num_params": 147456
      }
    },
    "8": {
      "std": {
        "l1": 0.02755120627892514,
        "psnr": 21.71803016942712,
        "ssim": 0.8979343771934509,
        "lpips": 0.15188757218420507,
        "num_params": 294912
      },
      "freq": {
        "l1": 0.025955921628822883,
        "psnr": 21.788531738919286,
        "ssim": 0.8994127511978149,
        "lpips": 0.14315680551032225,
        "num_params": 294912
      }
    },
    "16": {
      "std": {
        "l1": 0.02690280843526125,
        "psnr": 21.76889301826609,
        "ssim": 0.8967825174331665,
        "lpips": 0.15623404333988825,
        "num_params": 589824
      },
      "freq": {
        "l1": 0.026559553512682518,
        "psnr": 21.80317469307322,
        "ssim": 0.8971992135047913,
        "lpips": 0.14885024552543957,
        "num_params": 589824
      }
    },
    "32": {
      "std": {
        "l1": 0.02707348419353366,
        "psnr": 21.744440582594013,
        "ssim": 0.8973113894462585,
        "lpips": 0.16310143619775772,
        "num_params": 1179648
      },
      "freq": {
        "l1": 0.026349636058633528,
        "psnr": 21.79691280214678,
        "ssim": 0.8979513049125671,
        "lpips": 0.15381075677772363,
        "num_params": 1179648
      }
    }
  }
}